{"cameraMode":{"drawMode":0,"name":"Shaded","section":"Shading Mode"},"sceneLighting":true,"audioPlay":false,"sceneViewState":{"showFog":true,"showMaterialUpdate":false,"showSkybox":true,"showFlares":true,"showImageEffects":true,"showParticleSystems":true},"in2DMode":false,"pivot":{"x":18.480852127075197,"y":27.002098083496095,"z":-6.7974958419799809},"rotation":{"x":-0.2517155706882477,"y":0.7479795217514038,"z":-0.4216446280479431,"w":-0.44653162360191347},"size":15.339383125305176,"orthographic":false}